-- Indian Army Sample Database
DROP DATABASE IF EXISTS indian_army;
CREATE DATABASE indian_army;
USE indian_army;

-- Tables
CREATE TABLE units (
  unit_id INT PRIMARY KEY,
  unit_name VARCHAR(100) NOT NULL,
  location VARCHAR(100) NOT NULL,
  unit_type VARCHAR(50) NOT NULL
) ENGINE=InnoDB;

CREATE TABLE weapons (
  weapon_id INT PRIMARY KEY,
  weapon_name VARCHAR(100) NOT NULL,
  weapon_type VARCHAR(50) NOT NULL,
  range_km INT,
  manufacturer VARCHAR(100)
) ENGINE=InnoDB;

CREATE TABLE missions (
  mission_id INT PRIMARY KEY,
  mission_name VARCHAR(100) NOT NULL,
  mission_type VARCHAR(50) NOT NULL,
  start_date DATE NOT NULL,
  status VARCHAR(50) NOT NULL
) ENGINE=InnoDB;

CREATE TABLE soldiers (
  soldier_id INT PRIMARY KEY,
  first_name VARCHAR(50) NOT NULL,
  last_name VARCHAR(50) NOT NULL,
  rank_ VARCHAR(50) NOT NULL,
  age INT NOT NULL,
  unit_id INT NOT NULL,
  weapon_id INT NOT NULL,
  mission_id INT NOT NULL,
  FOREIGN KEY (unit_id) REFERENCES units(unit_id),
  FOREIGN KEY (weapon_id) REFERENCES weapons(weapon_id),
  FOREIGN KEY (mission_id) REFERENCES missions(mission_id)
) ENGINE=InnoDB;

-- Insert 50 Units
INSERT INTO units (unit_id, unit_name, location, unit_type) VALUES
(1, 'Unit_001', 'Location_01', 'Infantry'),
(2, 'Unit_002', 'Location_02', 'Artillery'),
(3, 'Unit_003', 'Location_03', 'Armored'),
(4, 'Unit_004', 'Location_04', 'Signals'),
(5, 'Unit_005', 'Location_05', 'Engineers'),
(6, 'Unit_006', 'Location_06', 'Air Defence'),
(7, 'Unit_007', 'Location_07', 'Aviation'),
(8, 'Unit_008', 'Location_08', 'Special Forces'),
(9, 'Unit_009', 'Location_09', 'Infantry'),
(10, 'Unit_010', 'Location_10', 'Artillery'),
(11, 'Unit_011', 'Location_11', 'Armored'),
(12, 'Unit_012', 'Location_12', 'Signals'),
(13, 'Unit_013', 'Location_13', 'Engineers'),
(14, 'Unit_014', 'Location_14', 'Air Defence'),
(15, 'Unit_015', 'Location_15', 'Aviation'),
(16, 'Unit_016', 'Location_16', 'Special Forces'),
(17, 'Unit_017', 'Location_17', 'Infantry'),
(18, 'Unit_018', 'Location_18', 'Artillery'),
(19, 'Unit_019', 'Location_19', 'Armored'),
(20, 'Unit_020', 'Location_20', 'Signals'),
(21, 'Unit_021', 'Location_21', 'Engineers'),
(22, 'Unit_022', 'Location_22', 'Air Defence'),
(23, 'Unit_023', 'Location_23', 'Aviation'),
(24, 'Unit_024', 'Location_24', 'Special Forces'),
(25, 'Unit_025', 'Location_25', 'Infantry'),
(26, 'Unit_026', 'Location_26', 'Artillery'),
(27, 'Unit_027', 'Location_27', 'Armored'),
(28, 'Unit_028', 'Location_28', 'Signals'),
(29, 'Unit_029', 'Location_29', 'Engineers'),
(30, 'Unit_030', 'Location_30', 'Air Defence'),
(31, 'Unit_031', 'Location_31', 'Aviation'),
(32, 'Unit_032', 'Location_32', 'Special Forces'),
(33, 'Unit_033', 'Location_33', 'Infantry'),
(34, 'Unit_034', 'Location_34', 'Artillery'),
(35, 'Unit_035', 'Location_35', 'Armored'),
(36, 'Unit_036', 'Location_36', 'Signals'),
(37, 'Unit_037', 'Location_37', 'Engineers'),
(38, 'Unit_038', 'Location_38', 'Air Defence'),
(39, 'Unit_039', 'Location_39', 'Aviation'),
(40, 'Unit_040', 'Location_40', 'Special Forces'),
(41, 'Unit_041', 'Location_41', 'Infantry'),
(42, 'Unit_042', 'Location_42', 'Artillery'),
(43, 'Unit_043', 'Location_43', 'Armored'),
(44, 'Unit_044', 'Location_44', 'Signals'),
(45, 'Unit_045', 'Location_45', 'Engineers'),
(46, 'Unit_046', 'Location_46', 'Air Defence'),
(47, 'Unit_047', 'Location_47', 'Aviation'),
(48, 'Unit_048', 'Location_48', 'Special Forces'),
(49, 'Unit_049', 'Location_49', 'Infantry'),
(50, 'Unit_050', 'Location_50', 'Artillery');

-- Insert 50 Weapons
INSERT INTO weapons (weapon_id, weapon_name, weapon_type, range_km, manufacturer) VALUES
(1, 'Weapon_001', 'Rifle', 654 % 601, 'DRDO'),
(2, 'Weapon_002', 'LMG', 114 % 601, 'HAL'),
(3, 'Weapon_003', 'SMG', 25 % 601, 'OFB'),
(4, 'Weapon_004', 'Carbine', 759 % 601, 'BEL'),
(5, 'Weapon_005', 'Sniper Rifle', 281 % 601, 'Bharat Dynamics'),
(6, 'Weapon_006', 'Tank', 250 % 601, 'L&T'),
(7, 'Weapon_007', 'IFV', 228 % 601, 'Tata Advanced Systems'),
(8, 'Weapon_008', 'Helicopter', 142 % 601, 'DRDO'),
(9, 'Weapon_009', 'Howitzer', 754 % 601, 'HAL'),
(10, 'Weapon_010', 'Missile', 104 % 601, 'OFB'),
(11, 'Weapon_011', 'Rocket System', 692 % 601, 'BEL'),
(12, 'Weapon_012', 'Mortar', 558 % 601, 'Bharat Dynamics'),
(13, 'Weapon_013', 'ATGM', 89 % 601, 'L&T'),
(14, 'Weapon_014', 'Rifle', 604 % 601, 'Tata Advanced Systems'),
(15, 'Weapon_015', 'LMG', 432 % 601, 'DRDO'),
(16, 'Weapon_016', 'SMG', 32 % 601, 'HAL'),
(17, 'Weapon_017', 'Carbine', 30 % 601, 'OFB'),
(18, 'Weapon_018', 'Sniper Rifle', 223 % 601, 'BEL'),
(19, 'Weapon_019', 'Tank', 238 % 601, 'Bharat Dynamics'),
(20, 'Weapon_020', 'IFV', 517 % 601, 'L&T'),
(21, 'Weapon_021', 'Helicopter', 573 % 601, 'Tata Advanced Systems'),
(22, 'Weapon_022', 'Howitzer', 573 % 601, 'DRDO'),
(23, 'Weapon_023', 'Missile', 194 % 601, 'HAL'),
(24, 'Weapon_024', 'Rocket System', 255 % 601, 'OFB'),
(25, 'Weapon_025', 'Mortar', 550 % 601, 'BEL'),
(26, 'Weapon_026', 'ATGM', 539 % 601, 'Bharat Dynamics'),
(27, 'Weapon_027', 'Rifle', 281 % 601, 'L&T'),
(28, 'Weapon_028', 'LMG', 511 % 601, 'Tata Advanced Systems'),
(29, 'Weapon_029', 'SMG', 236 % 601, 'DRDO'),
(30, 'Weapon_030', 'Carbine', 562 % 601, 'HAL'),
(31, 'Weapon_031', 'Sniper Rifle', 251 % 601, 'OFB'),
(32, 'Weapon_032', 'Tank', 617 % 601, 'BEL'),
(33, 'Weapon_033', 'IFV', 616 % 601, 'Bharat Dynamics'),
(34, 'Weapon_034', 'Helicopter', 448 % 601, 'L&T'),
(35, 'Weapon_035', 'Howitzer', 62 % 601, 'Tata Advanced Systems'),
(36, 'Weapon_036', 'Missile', 214 % 601, 'DRDO'),
(37, 'Weapon_037', 'Rocket System', 194 % 601, 'HAL'),
(38, 'Weapon_038', 'Mortar', 85 % 601, 'OFB'),
(39, 'Weapon_039', 'ATGM', 355 % 601, 'BEL'),
(40, 'Weapon_040', 'Rifle', 128 % 601, 'Bharat Dynamics'),
(41, 'Weapon_041', 'LMG', 207 % 601, 'L&T'),
(42, 'Weapon_042', 'SMG', 81 % 601, 'Tata Advanced Systems'),
(43, 'Weapon_043', 'Carbine', 380 % 601, 'DRDO'),
(44, 'Weapon_044', 'Sniper Rifle', 322 % 601, 'HAL'),
(45, 'Weapon_045', 'Tank', 47 % 601, 'OFB'),
(46, 'Weapon_046', 'IFV', 483 % 601, 'BEL'),
(47, 'Weapon_047', 'Helicopter', 533 % 601, 'Bharat Dynamics'),
(48, 'Weapon_048', 'Howitzer', 381 % 601, 'L&T'),
(49, 'Weapon_049', 'Missile', 307 % 601, 'Tata Advanced Systems'),
(50, 'Weapon_050', 'Rocket System', 463 % 601, 'DRDO');

-- Insert 50 Missions
INSERT INTO missions (mission_id, mission_name, mission_type, start_date, status) VALUES
(1, 'Operation_001', 'Border Security', '2003-08-31', 'Planned'),
(2, 'Operation_002', 'Counter-Terrorism', '2021-10-09', 'Ongoing'),
(3, 'Operation_003', 'Recon', '2010-07-21', 'Completed'),
(4, 'Operation_004', 'Training', '2013-12-08', 'Planned'),
(5, 'Operation_005', 'Humanitarian', '2015-07-02', 'Ongoing'),
(6, 'Operation_006', 'Peacekeeping', '2014-11-09', 'Completed'),
(7, 'Operation_007', 'War', '2004-06-30', 'Planned'),
(8, 'Operation_008', 'Patrol', '2010-06-25', 'Ongoing'),
(9, 'Operation_009', 'Border Security', '2024-05-24', 'Completed'),
(10, 'Operation_010', 'Counter-Terrorism', '2017-12-01', 'Planned'),
(11, 'Operation_011', 'Recon', '2004-10-10', 'Ongoing'),
(12, 'Operation_012', 'Training', '2018-06-02', 'Completed'),
(13, 'Operation_013', 'Humanitarian', '2016-10-27', 'Planned'),
(14, 'Operation_014', 'Peacekeeping', '2004-06-01', 'Ongoing'),
(15, 'Operation_015', 'War', '2010-05-15', 'Completed'),
(16, 'Operation_016', 'Patrol', '1996-09-07', 'Planned'),
(17, 'Operation_017', 'Border Security', '2005-11-21', 'Ongoing'),
(18, 'Operation_018', 'Counter-Terrorism', '2003-05-04', 'Completed'),
(19, 'Operation_019', 'Recon', '2003-01-02', 'Planned'),
(20, 'Operation_020', 'Training', '2009-11-23', 'Ongoing'),
(21, 'Operation_021', 'Humanitarian', '2016-12-27', 'Completed'),
(22, 'Operation_022', 'Peacekeeping', '2006-03-23', 'Planned'),
(23, 'Operation_023', 'War', '2000-06-21', 'Ongoing'),
(24, 'Operation_024', 'Patrol', '2022-10-18', 'Completed'),
(25, 'Operation_025', 'Border Security', '2005-03-19', 'Planned'),
(26, 'Operation_026', 'Counter-Terrorism', '2003-06-26', 'Ongoing'),
(27, 'Operation_027', 'Recon', '2006-06-22', 'Completed'),
(28, 'Operation_028', 'Training', '2003-01-24', 'Planned'),
(29, 'Operation_029', 'Humanitarian', '2000-02-10', 'Ongoing'),
(30, 'Operation_030', 'Peacekeeping', '2019-10-16', 'Completed'),
(31, 'Operation_031', 'War', '2016-10-11', 'Planned'),
(32, 'Operation_032', 'Patrol', '2003-06-26', 'Ongoing'),
(33, 'Operation_033', 'Border Security', '2005-10-29', 'Completed'),
(34, 'Operation_034', 'Counter-Terrorism', '2012-03-29', 'Planned'),
(35, 'Operation_035', 'Recon', '2001-02-08', 'Ongoing'),
(36, 'Operation_036', 'Training', '1997-03-30', 'Completed'),
(37, 'Operation_037', 'Humanitarian', '2016-01-25', 'Planned'),
(38, 'Operation_038', 'Peacekeeping', '2007-06-03', 'Ongoing'),
(39, 'Operation_039', 'War', '1997-10-01', 'Completed'),
(40, 'Operation_040', 'Patrol', '2016-05-03', 'Planned'),
(41, 'Operation_041', 'Border Security', '2016-08-13', 'Ongoing'),
(42, 'Operation_042', 'Counter-Terrorism', '2005-06-01', 'Completed'),
(43, 'Operation_043', 'Recon', '2007-07-14', 'Planned'),
(44, 'Operation_044', 'Training', '2005-05-19', 'Ongoing'),
(45, 'Operation_045', 'Humanitarian', '1991-11-21', 'Completed'),
(46, 'Operation_046', 'Peacekeeping', '1996-05-13', 'Planned'),
(47, 'Operation_047', 'War', '2006-10-23', 'Ongoing'),
(48, 'Operation_048', 'Patrol', '2003-07-04', 'Completed'),
(49, 'Operation_049', 'Border Security', '2007-07-08', 'Planned'),
(50, 'Operation_050', 'Counter-Terrorism', '2014-03-07', 'Ongoing');

-- Insert 100 Soldiers (Main Table)
INSERT INTO soldiers (soldier_id, first_name, last_name, rank_, age, unit_id, weapon_id, mission_id) VALUES
(1, 'om', 'khole', 'Lieutenant', 45, 1, 11, 21),
(2, 'Vikram', 'Batra', 'Captain', 28, 2, 12, 22),
(3, 'Manoj', 'Kumar', 'Major', 40, 3, 13, 23),
(4, 'Ravi', 'Sharma', 'Colonel', 33, 4, 14, 24),
(5, 'Anil', 'Yadav', 'Lieutenant', 26, 5, 15, 25),
(6, 'Suresh', 'Verma', 'Captain', 20, 6, 16, 26),
(7, 'Rahul', 'Patel', 'Major', 33, 7, 17, 27),
(8, 'Karan', 'Reddy', 'Colonel', 23, 8, 18, 28),
(9, 'Pawan', 'Nair', 'Lieutenant', 32, 9, 19, 29),
(10, 'Sanjay', 'Chauhan', 'Captain', 25, 10, 20, 30),
(11, 'Amit', 'Mishra', 'Major', 45, 11, 21, 31),
(12, 'Sumit', 'Pandey', 'Colonel', 44, 12, 22, 32),
(13, 'Rohit', 'Gupta', 'Lieutenant', 38, 13, 23, 33),
(14, 'Nitin', 'Jadhav', 'Captain', 34, 14, 24, 34),
(15, 'Deepak', 'Shinde', 'Major', 42, 15, 25, 35),
(16, 'Vivek', 'Iyer', 'Colonel', 32, 16, 26, 36),
(17, 'Aakash', 'Das', 'Lieutenant', 20, 17, 27, 37),
(18, 'Ajay', 'Roy', 'Captain', 28, 18, 28, 38),
(19, 'Vijay', 'Khan', 'Major', 40, 19, 29, 39),
(20, 'Harsh', 'Sheikh', 'Colonel', 20, 20, 30, 40),
(21, 'Arjun', 'Singh', 'Lieutenant', 31, 21, 31, 41),
(22, 'Vikram', 'Batra', 'Captain', 23, 22, 32, 42),
(23, 'Manoj', 'Kumar', 'Major', 41, 23, 33, 43),
(24, 'Ravi', 'Sharma', 'Colonel', 40, 24, 34, 44),
(25, 'Anil', 'Yadav', 'Lieutenant', 44, 25, 35, 45),
(26, 'Suresh', 'Verma', 'Captain', 39, 26, 36, 46),
(27, 'Rahul', 'Patel', 'Major', 45, 27, 37, 47),
(28, 'Karan', 'Reddy', 'Colonel', 27, 28, 38, 48),
(29, 'Pawan', 'Nair', 'Lieutenant', 27, 29, 39, 49),
(30, 'Sanjay', 'Chauhan', 'Captain', 27, 30, 40, 50),
(31, 'Amit', 'Mishra', 'Major', 24, 31, 41, 1),
(32, 'Sumit', 'Pandey', 'Colonel', 34, 32, 42, 2),
(33, 'Rohit', 'Gupta', 'Lieutenant', 37, 33, 43, 3),
(34, 'Nitin', 'Jadhav', 'Captain', 32, 34, 44, 4),
(35, 'Deepak', 'Shinde', 'Major', 39, 35, 45, 5),
(36, 'Vivek', 'Iyer', 'Colonel', 30, 36, 46, 6),
(37, 'Aakash', 'Das', 'Lieutenant', 40, 37, 47, 7),
(38, 'Ajay', 'Roy', 'Captain', 30, 38, 48, 8),
(39, 'Vijay', 'Khan', 'Major', 24, 39, 49, 9),
(40, 'Harsh', 'Sheikh', 'Colonel', 27, 40, 50, 10),
(41, 'Arjun', 'Singh', 'Lieutenant', 41, 41, 1, 11),
(42, 'Vikram', 'Batra', 'Captain', 43, 42, 2, 12),
(43, 'Manoj', 'Kumar', 'Major', 22, 43, 3, 13),
(44, 'Ravi', 'Sharma', 'Colonel', 26, 44, 4, 14),
(45, 'Anil', 'Yadav', 'Lieutenant', 40, 45, 5, 15),
(46, 'Suresh', 'Verma', 'Captain', 31, 46, 6, 16),
(47, 'Rahul', 'Patel', 'Major', 23, 47, 7, 17),
(48, 'Karan', 'Reddy', 'Colonel', 44, 48, 8, 18),
(49, 'Pawan', 'Nair', 'Lieutenant', 38, 49, 9, 19),
(50, 'Sanjay', 'Chauhan', 'Captain', 33, 50, 10, 20),
(51, 'Amit', 'Mishra', 'Major', 33, 1, 11, 21),
(52, 'Sumit', 'Pandey', 'Colonel', 21, 2, 12, 22),
(53, 'Rohit', 'Gupta', 'Lieutenant', 35, 3, 13, 23),
(54, 'Nitin', 'Jadhav', 'Captain', 20, 4, 14, 24),
(55, 'Deepak', 'Shinde', 'Major', 30, 5, 15, 25),
(56, 'Vivek', 'Iyer', 'Colonel', 21, 6, 16, 26),
(57, 'Aakash', 'Das', 'Lieutenant', 40, 7, 17, 27),
(58, 'Ajay', 'Roy', 'Captain', 27, 8, 18, 28),
(59, 'Vijay', 'Khan', 'Major', 40, 9, 19, 29),
(60, 'Harsh', 'Sheikh', 'Colonel', 34, 10, 20, 30),
(61, 'Arjun', 'Singh', 'Lieutenant', 29, 11, 21, 31),
(62, 'Vikram', 'Batra', 'Captain', 40, 12, 22, 32),
(63, 'Manoj', 'Kumar', 'Major', 25, 13, 23, 33),
(64, 'Ravi', 'Sharma', 'Colonel', 34, 14, 24, 34),
(65, 'Anil', 'Yadav', 'Lieutenant', 44, 15, 25, 35),
(66, 'Suresh', 'Verma', 'Captain', 44, 16, 26, 36),
(67, 'Rahul', 'Patel', 'Major', 44, 17, 27, 37),
(68, 'Karan', 'Reddy', 'Colonel', 45, 18, 28, 38),
(69, 'Pawan', 'Nair', 'Lieutenant', 28, 19, 29, 39),
(70, 'Sanjay', 'Chauhan', 'Captain', 34, 20, 30, 40),
(71, 'Amit', 'Mishra', 'Major', 26, 21, 31, 41),
(72, 'Sumit', 'Pandey', 'Colonel', 33, 22, 32, 42),
(73, 'Rohit', 'Gupta', 'Lieutenant', 41, 23, 33, 43),
(74, 'Nitin', 'Jadhav', 'Captain', 23, 24, 34, 44),
(75, 'Deepak', 'Shinde', 'Major', 34, 25, 35, 45),
(76, 'Vivek', 'Iyer', 'Colonel', 25, 26, 36, 46),
(77, 'Aakash', 'Das', 'Lieutenant', 24, 27, 37, 47),
(78, 'Ajay', 'Roy', 'Captain', 44, 28, 38, 48),
(79, 'Vijay', 'Khan', 'Major', 39, 29, 39, 49),
(80, 'Harsh', 'Sheikh', 'Colonel', 38, 30, 40, 50),
(81, 'Arjun', 'Singh', 'Lieutenant', 20, 31, 41, 1),
(82, 'Vikram', 'Batra', 'Captain', 23, 32, 42, 2),
(83, 'Manoj', 'Kumar', 'Major', 33, 33, 43, 3),
(84, 'Ravi', 'Sharma', 'Colonel', 32, 34, 44, 4),
(85, 'Anil', 'Yadav', 'Lieutenant', 24, 35, 45, 5),
(86, 'Suresh', 'Verma', 'Captain', 36, 36, 46, 6),
(87, 'Rahul', 'Patel', 'Major', 28, 37, 47, 7),
(88, 'Karan', 'Reddy', 'Colonel', 39, 38, 48, 8),
(89, 'Pawan', 'Nair', 'Lieutenant', 42, 39, 49, 9),
(90, 'Sanjay', 'Chauhan', 'Captain', 36, 40, 50, 10),
(91, 'Amit', 'Mishra', 'Major', 40, 41, 1, 11),
(92, 'Sumit', 'Pandey', 'Colonel', 40, 42, 2, 12),
(93, 'Rohit', 'Gupta', 'Lieutenant', 36, 43, 3, 13),
(94, 'Nitin', 'Jadhav', 'Captain', 31, 44, 4, 14),
(95, 'Deepak', 'Shinde', 'Major', 36, 45, 5, 15),
(96, 'Vivek', 'Iyer', 'Colonel', 32, 46, 6, 16),
(97, 'Aakash', 'Das', 'Lieutenant', 38, 47, 7, 17),
(98, 'Ajay', 'Roy', 'Captain', 38, 48, 8, 18),
(99, 'Vijay', 'Khan', 'Major', 35, 49, 9, 19),
(100, 'Harsh', 'Sheikh', 'Colonel', 38, 50, 10, 20);

select 


